{
  "log": {
    "access": "",
    "error": "",
    "loglevel": "warning"
  },
  "inbounds": [
    {
      "tag": "socks",
      "port": 10808,
      "listen": "127.0.0.1",
      "protocol": "socks",
      "sniffing": {
        "enabled": true,
        "destOverride": [
          "http",
          "tls"
        ],
        "routeOnly": false
      },
      "settings": {
        "auth": "noauth",
        "udp": true,
        "allowTransparent": false
      }
    },
    {
      "tag": "http",
      "port": 10809,
      "listen": "127.0.0.1",
      "protocol": "http",
      "sniffing": {
        "enabled": true,
        "destOverride": [
          "http",
          "tls"
        ],
        "routeOnly": false
      },
      "settings": {
        "auth": "noauth",
        "udp": true,
        "allowTransparent": false
      }
    }
  ],
  "outbounds": [
    {
      "tag": "proxy",
      "protocol": "vless",
      "settings": {
        "vnext": [
          {
            "address": "wz.weishao2023.uk.eu.org",
            "port": 2087,
            "users": [
              {
                "id": "2834c302-bbaf-4a7d-b94d-031c1555e30d",
                "alterId": 0,
                "email": "t@t.tt",
                "security": "auto",
                "encryption": "none"
              }
            ]
          }
        ]
      },
      "streamSettings": {
        "network": "ws",
        "security": "tls",
        "tlsSettings": {
          "allowInsecure": false,
          "serverName": "2.hxp666.cloudns.org",
          "fingerprint": "randomized",
          "show": false
        },
        "wsSettings": {
          "path": "/?ed=2048",
          "headers": {
            "Host": "2.hxp666.cloudns.org"
          }
        }
      },
      "mux": {
        "enabled": false,
        "concurrency": -1
      }
    },
    {
      "tag": "direct",
      "protocol": "freedom",
      "settings": {}
    },
    {
      "tag": "block",
      "protocol": "blackhole",
      "settings": {
        "response": {
          "type": "http"
        }
      }
    }
  ],
  "dns": {
    "servers": [
      "1.1.1.1",
      "8.8.8.8"
    ]
  },
  "routing": {
    "domainStrategy": "AsIs",
    "rules": [
      {
        "type": "field",
        "inboundTag": [
          "api"
        ],
        "outboundTag": "api"
      },
      {
        "type": "field",
        "outboundTag": "direct",
        "domain": [
          "domain:example-example.com",
          "domain:example-example2.com"
        ]
      },
      {
        "type": "field",
        "outboundTag": "block",
        "domain": [
          "geosite:category-ads-all"
        ]
      },
      {
        "type": "field",
        "outboundTag": "direct",
        "domain": [
          "geosite:cn"
        ]
      },
      {
        "type": "field",
        "outboundTag": "direct",
        "ip": [
          "geoip:private",
          "geoip:cn"
        ]
      }
    ]
  }
}