{
"server": "173.234.25.52:20164",
"protocol": "udp",
"up_mbps": 11,
"down_mbps": 55,
"http": {
"listen": "127.0.0.1:1081",
"timeout" : 250,
"disable_udp": false
},
"socks5": {
"listen": "127.0.0.1:1080",
"timeout": 250,
"disable_udp": false
},
"obfs": "",
"auth_str": "Ljg6NNEATDqP97hdAdHe1lJv7ggtKc0h7zmCCZKCX3qY0LR64F",
"alpn": "h3",
"server_name": "www.microsoft.com",
"insecure": true,
"recv_window_conn": 5767168,
"recv_window": 23068672,
"disable_mtu_discovery": true,
"resolver": "https://223.5.5.5/dns-query",
"retry": 3,
"retry_interval": 3,
"quit_on_disconnect": false,
"handshake_timeout": 15,
"idle_timeout": 30,
"fast_open": true,
"hop_interval": 120
}