{
  "log": {
    "access": "",
    "error": "",
    "loglevel": "warning"
  },
  "inbounds": [
    {
      "tag": "socks",
      "port": 1080,
      "listen": "127.0.0.1",
      "protocol": "socks",
      "sniffing": {
        "enabled": true,
        "destOverride": [
          "http",
          "tls"
        ],
        "routeOnly": false
      },
      "settings": {
        "auth": "noauth",
        "udp": true,
        "allowTransparent": false
      }
    },
    {
      "tag": "http",
      "port": 1081,
      "listen": "127.0.0.1",
      "protocol": "http",
      "sniffing": {
        "enabled": true,
        "destOverride": [
          "http",
          "tls"
        ],
        "routeOnly": false
      },
      "settings": {
        "auth": "noauth",
        "udp": true,
        "allowTransparent": false
      }
    }
  ],
  "outbounds": [
    {
      "tag": "proxy",
      "protocol": "vless",
      "settings": {
        "vnext": [
          {
            "address": "dongtaiwang2.com",
            "port": 443,
            "users": [
              {
                "id": "f5c180eb-fbce-49ac-9029-482eca9385c0",
                "alterId": 0,
                "email": "t@t.tt",
                "security": "auto",
                "encryption": "none",
                "flow": ""
              }
            ]
          }
        ]
      },
      "streamSettings": {
        "network": "ws",
        "security": "tls",
        "tlsSettings": {
          "allowInsecure": false,
          "serverName": "xray1.freeh1.xyz",
          "fingerprint": "chrome",
          "show": false
        },
        "wsSettings": {
          "path": "/gzogws",
          "headers": {
            "Host": "xray1.freeh1.xyz"
          }
        }
      },
      "mux": {
        "enabled": false,
        "concurrency": -1
      }
    },
    {
      "tag": "direct",
      "protocol": "freedom",
      "settings": {}
    },
    {
      "tag": "block",
      "protocol": "blackhole",
      "settings": {
        "response": {
          "type": "http"
        }
      }
    }
  ],
  "routing": {
    "domainStrategy": "AsIs",
    "rules": [
      {
        "type": "field",
        "inboundTag": [
          "api"
        ],
        "outboundTag": "api",
        "enabled": true
      },
      {
        "id": "4903912855803990739",
        "type": "field",
        "outboundTag": "direct",
        "domain": [
          "domain:example-example.com",
          "domain:example-example2.com"
        ],
        "enabled": true
      },
      {
        "id": "5708028511442260423",
        "type": "field",
        "outboundTag": "block",
        "domain": [
          "geosite:category-ads-all"
        ],
        "enabled": true
      },
      {
        "id": "5285280340381945458",
        "type": "field",
        "outboundTag": "direct",
        "domain": [
          "geosite:cn"
        ],
        "enabled": true
      },
      {
        "id": "5063426339087196734",
        "type": "field",
        "outboundTag": "direct",
        "ip": [
          "geoip:private",
          "geoip:cn"
        ],
        "enabled": true
      },
      {
        "id": "4919950405029472934",
        "type": "field",
        "port": "0-65535",
        "outboundTag": "proxy",
        "enabled": true
      }
    ]
  }
}